{"stats":{"minecraft:crafted":{"minecraft:crafting_table":1,"minecraft:spruce_planks":36,"minecraft:iron_helmet":1,"minecraft:iron_boots":1,"minecraft:iron_chestplate":1,"minecraft:shield":1,"minecraft:iron_axe":1,"minecraft:stick":8,"minecraft:iron_pickaxe":1,"minecraft:chest":2,"minecraft:iron_leggings":1},"minecraft:killed":{"minecraft:spider":1,"minecraft:vindicator":1,"born_in_chaos_v1:skeleton_thrasher_not_despawn":1,"born_in_chaos_v1:decrepit_skeleton":2,"born_in_chaos_v1:maggot":2,"minecraft:pillager":2,"minecraft:zombie":6,"minecraft:chicken":1,"minecraft:stray":12},"minecraft:picked_up":{"born_in_chaos_v1:corpse_maggot":1,"minecraft:cooked_beef":3,"minecraft:chicken":1,"gamma_beasts:fur":2,"minecraft:dirt":4,"minecraft:string":1,"minecraft:experience_bottle":1,"minecraft:bone":24,"minecraft:bow":5,"minecraft:stone_pickaxe":1,"minecraft:iron_sword":1,"minecraft:tipped_arrow":7,"minecraft:stick":1,"born_in_chaos_v1:shattered_skull":1,"minecraft:torch":5,"minecraft:raw_iron_block":3,"born_in_chaos_v1:pieceofdarkmetal":4,"minecraft:spruce_log":9,"minecraft:spider_eye":1,"minecraft:arrow":14,"minecraft:light_gray_bed":3,"minecraft:rotten_flesh":8,"waystones:waystone":3,"minecraft:emerald":3,"minecraft:mutton":1,"minecraft:iron_bars":1,"minecraft:white_wool":1},"minecraft:dropped":{"minecraft:golden_helmet":1,"minecraft:rotten_flesh":4,"minecraft:filled_map":1,"minecraft:leather_chestplate":1,"born_in_chaos_v1:corpse_maggot":1,"minecraft:golden_leggings":1,"minecraft:iron_bars":1,"minecraft:bow":1,"minecraft:string":1},"minecraft:used":{"minecraft:water_bucket":6,"minecraft:stone_pickaxe":15,"minecraft:chest":2,"minecraft:shield":11,"minecraft:iron_sword":101,"minecraft:white_wool":1,"minecraft:torch":7,"minecraft:dirt":4,"minecraft:crafting_table":1,"waystones:waystone":2,"minecraft:iron_axe":29,"minecraft:bread":27,"minecraft:iron_pickaxe":3,"minecraft:bow":2,"minecraft:bucket":7,"minecraft:pumpkin_pie":13,"minecraft:cooked_beef":3,"minecraft:light_gray_bed":2,"minecraft:experience_bottle":1},"minecraft:custom":{"lootr:looted_stat":60,"minecraft:mob_kills":32,"minecraft:interact_with_crafting_table":8,"minecraft:open_barrel":9,"minecraft:damage_dealt_resisted":134,"minecraft:eat_cake_slice":2,"minecraft:leave_game":1,"minecraft:time_since_death":63035,"minecraft:climb_one_cm":4776,"minecraft:time_since_rest":63035,"minecraft:waystone_activated":4,"minecraft:sprint_one_cm":371791,"minecraft:damage_taken":1890,"minecraft:walk_one_cm":196338,"minecraft:damage_blocked_by_shield":250,"minecraft:drop":9,"minecraft:damage_dealt":5676,"minecraft:damage_dealt_absorbed":112,"minecraft:swim_one_cm":24953,"minecraft:fly_one_cm":276074,"minecraft:open_chest":8,"minecraft:crouch_one_cm":1138,"minecraft:play_time":63035,"minecraft:sneak_time":546,"minecraft:walk_under_water_one_cm":3929,"minecraft:jump":1533,"minecraft:walk_on_water_one_cm":5462,"minecraft:total_world_time":63035,"minecraft:fall_one_cm":37126},"minecraft:mined":{"minecraft:crafting_table":1,"minecraft:torch":3,"minecraft:grass_block":4,"minecraft:chest":2,"minecraft:light_gray_bed":3,"minecraft:tall_grass":1,"minecraft:wall_torch":2,"minecraft:spawner":3,"minecraft:large_fern":1,"minecraft:raw_iron_block":3,"minecraft:spruce_log":3,"treechop:chopped_log":1,"minecraft:grass":2,"minecraft:iron_bars":1,"minecraft:stone_bricks":1,"minecraft:oak_leaves":2}},"DataVersion":3465}