{"stats":{"minecraft:killed":{"gamma_beasts:radioactive_bear_a":1,"born_in_chaos_v1:maggot":3,"minecraft:skeleton":4,"minecraft:chicken":1,"minecraft:drowned":1,"gamma_beasts:diamond_golem_c":1,"artifacts:mimic":1,"gamma_beasts:radioactive_bear_c":1,"gamma_beasts:diamond_golem_a":1,"minecraft:zombie":1,"born_in_chaos_v1:dread_hound":1,"minecraft:cow":3},"minecraft:dropped":{"minecraft:iron_sword":1,"minecraft:cooked_beef":3,"minecraft:torch":64,"minecraft:iron_axe":1,"gamma_beasts:jungle_leaf":1},"minecraft:broken":{"minecraft:stone_pickaxe":2},"minecraft:custom":{"lootr:looted_stat":16,"minecraft:mob_kills":19,"minecraft:animals_bred":1,"minecraft:interact_with_crafting_table":47,"minecraft:open_barrel":2,"minecraft:damage_dealt_resisted":30,"minecraft:leave_game":5,"minecraft:time_since_death":105134,"minecraft:climb_one_cm":8166,"minecraft:sprint_one_cm":502278,"minecraft:walk_one_cm":739830,"minecraft:damage_blocked_by_shield":105,"minecraft:drop":7,"minecraft:talked_to_villager":23,"minecraft:play_time":307745,"minecraft:deaths":5,"minecraft:sneak_time":6685,"minecraft:walk_under_water_one_cm":9292,"minecraft:boat_one_cm":35505,"minecraft:jump":2276,"minecraft:walk_on_water_one_cm":35491,"minecraft:total_world_time":307745,"minecraft:interact_with_furnace":49,"minecraft:traded_with_villager":11,"minecraft:sleep_in_bed":12,"minecraft:time_since_rest":73686,"minecraft:waystone_activated":2,"minecraft:damage_taken":3729,"minecraft:damage_dealt":4617,"minecraft:swim_one_cm":31569,"minecraft:fly_one_cm":387097,"minecraft:open_chest":19,"minecraft:crouch_one_cm":11308,"minecraft:fall_one_cm":57396,"minecraft:horse_one_cm":1661},"minecraft:killed_by":{"gamma_beasts:diamond_golem_a":4},"minecraft:used":{"minecraft:stone_sword":90,"minecraft:armor_stand":2,"minecraft:stone_shovel":61,"minecraft:chest":3,"minecraft:shield":2,"minecraft:iron_sword":61,"gamma_beasts:green_apple":16,"minecraft:iron_chestplate":1,"minecraft:torch":106,"minecraft:dirt":5,"minecraft:carrot":303,"minecraft:granite":2,"minecraft:iron_axe":85,"minecraft:iron_helmet":2,"minecraft:iron_boots":1,"minecraft:furnace":6,"minecraft:cooked_beef":5,"minecraft:potato":18,"minecraft:wheat_seeds":75,"minecraft:water_bucket":17,"minecraft:diorite":13,"minecraft:stone_pickaxe":352,"minecraft:baked_potato":6,"minecraft:birch_boat":2,"minecraft:wooden_pickaxe":10,"minecraft:cherry_planks":1,"minecraft:fletching_table":8,"minecraft:crafting_table":13,"gamma_beasts:cooked_meat":3,"waystones:waystone":1,"minecraft:bread":2,"minecraft:iron_pickaxe":453,"born_in_chaos_v1:marigolds":1,"minecraft:gravel":15,"minecraft:golden_leggings":1,"minecraft:golden_helmet":1,"minecraft:stone_axe":65,"minecraft:cobblestone":46,"minecraft:bucket":18,"minecraft:experience_bottle":1},"minecraft:crafted":{"minecraft:cherry_planks":24,"minecraft:oak_planks":304,"minecraft:redstone":8,"minecraft:stone_shovel":1,"minecraft:birch_boat":1,"minecraft:furnace":3,"minecraft:iron_boots":1,"sophisticatedbackpacks:copper_backpack":1,"minecraft:iron_axe":1,"minecraft:stone_pickaxe":3,"taxov:emerald_armor_armor_boots":1,"minecraft:chest":4,"gamma_beasts:cooked_meat":3,"minecraft:wheat":9,"minecraft:cooked_beef":8,"minecraft:emerald":7,"sophisticatedbackpacks:backpack":1,"minecraft:crafting_table":5,"minecraft:wooden_pickaxe":1,"minecraft:baked_potato":30,"minecraft:iron_helmet":1,"minecraft:iron_sword":1,"minecraft:copper_ingot":17,"minecraft:fletching_table":1,"minecraft:birch_planks":40,"minecraft:stone_axe":1,"minecraft:air":0,"minecraft:iron_chestplate":1,"minecraft:shield":1,"gamma_beasts:prehnite_armor_leggings":1,"minecraft:stick":332,"minecraft:iron_ingot":30,"minecraft:iron_pickaxe":2,"minecraft:stone_sword":1,"minecraft:torch":164},"minecraft:picked_up":{"gamma_beasts:thin_oak_log":18,"minecraft:crafting_table":10,"minecraft:wheat":79,"born_in_chaos_v1:river_mint":1,"minecraft:chicken":1,"gamma_beasts:fur":4,"minecraft:oak_stairs":2,"minecraft:gold_block":1,"minecraft:shield":1,"minecraft:string":18,"minecraft:raw_copper":41,"minecraft:iron_axe":1,"minecraft:armor_stand":4,"epicpaladins:bloodstone_gem":3,"minecraft:experience_bottle":1,"minecraft:beetroot":10,"minecraft:beef":8,"born_in_chaos_v1:gnawed_bones":1,"minecraft:furnace":5,"gamma_beasts:jungle_leaf":2,"minecraft:golden_helmet":3,"minecraft:stick":2,"minecraft:raw_iron":62,"minecraft:composter":1,"minecraft:oak_fence":1,"minecraft:torch":6,"minecraft:cherry_log":6,"minecraft:pointed_dripstone":1,"minecraft:diorite":49,"minecraft:redstone":9,"minecraft:carrot":521,"minecraft:dark_oak_planks":1,"minecraft:rotten_flesh":3,"minecraft:arrow":3,"minecraft:beetroot_seeds":26,"minecraft:hay_block":11,"gamma_beasts:coal_nugget":51,"minecraft:cobblestone":439,"minecraft:birch_log":10,"born_in_chaos_v1:corpse_maggot":1,"minecraft:feather":1,"minecraft:andesite":13,"minecraft:leather":6,"minecraft:golden_leggings":3,"artifacts:thorn_pendant":1,"gamma_beasts:prehnite":7,"minecraft:potato":69,"minecraft:flint":2,"minecraft:oak_log":70,"gamma_beasts:green_apple":27,"gamma_beasts:oak_leaf":25,"minecraft:lapis_lazuli":25,"minecraft:dirt":47,"born_in_chaos_v1:marigolds":1,"minecraft:bone":4,"gamma_beasts:meat":3,"minecraft:wheat_seeds":296,"minecraft:fletching_table":7,"minecraft:dark_oak_stairs":1,"minecraft:birch_boat":2,"minecraft:dripstone_block":1,"minecraft:gravel":24,"minecraft:white_bed":1,"minecraft:diamond":3,"minecraft:deepslate":1,"waystones:waystone":1,"minecraft:granite":44,"minecraft:oak_sapling":3,"minecraft:coal":212},"minecraft:mined":{"minecraft:dark_oak_planks":1,"gamma_beasts:roble_hoja_1":1,"minecraft:white_bed":1,"gamma_beasts:jungla_hoja_1":1,"minecraft:cherry_log":6,"gamma_beasts:roblo_hoja":4,"minecraft:granite":44,"gravestone:gravestone":5,"minecraft:grass_block":10,"minecraft:composter":1,"minecraft:spawner":2,"minecraft:hay_block":11,"minecraft:tall_seagrass":2,"minecraft:carrots":162,"minecraft:furnace":5,"minecraft:iron_ore":52,"minecraft:fire":3,"gamma_beasts:prehnite_ore":7,"minecraft:andesite":13,"treechop:chopped_log":3,"minecraft:fletching_table":7,"minecraft:gold_block":1,"minecraft:dark_oak_stairs":1,"minecraft:potatoes":21,"minecraft:dirt_path":2,"minecraft:oak_stairs":2,"minecraft:stone":444,"born_in_chaos_v1:marigolds":1,"minecraft:oak_fence":1,"minecraft:crafting_table":10,"minecraft:torch":2,"minecraft:tall_grass":15,"minecraft:copper_ore":10,"minecraft:lapis_ore":4,"minecraft:diorite":49,"minecraft:wall_torch":4,"epicpaladins:bloodstone_ore":3,"minecraft:birch_log":8,"minecraft:wheat":140,"minecraft:birch_leaves":2,"born_in_chaos_v1:river_mint":1,"minecraft:grass":33,"gamma_beasts:thin_oak_log":17,"minecraft:coal_ore":162,"minecraft:oak_log":70,"minecraft:beetroots":10,"minecraft:gravel":25,"minecraft:dripstone_block":1,"minecraft:dirt":37,"minecraft:cobweb":4,"minecraft:oak_leaves":1}},"DataVersion":3465}