{"stats":{"minecraft:crafted":{"minecraft:cooked_beef":8,"minecraft:cherry_planks":24,"minecraft:redstone":8,"sophisticatedbackpacks:backpack":1,"minecraft:crafting_table":1,"minecraft:baked_potato":5,"minecraft:wooden_pickaxe":1,"minecraft:furnace":1,"minecraft:stone_axe":1,"minecraft:air":0,"minecraft:stick":8,"minecraft:stone_pickaxe":1,"minecraft:stone_sword":1,"minecraft:chest":1,"minecraft:torch":4,"minecraft:wheat":9},"minecraft:killed":{"gamma_beasts:radioactive_bear_a":1,"gamma_beasts:radioactive_bear_c":1,"minecraft:chicken":1,"minecraft:cow":3},"minecraft:picked_up":{"minecraft:crafting_table":2,"minecraft:feather":1,"minecraft:chicken":1,"gamma_beasts:fur":3,"minecraft:leather":4,"minecraft:golden_leggings":3,"minecraft:potato":1,"minecraft:oak_log":9,"gamma_beasts:green_apple":3,"minecraft:dirt":2,"minecraft:string":4,"minecraft:armor_stand":4,"gamma_beasts:meat":3,"minecraft:beef":8,"minecraft:furnace":1,"minecraft:golden_helmet":3,"minecraft:oak_fence":1,"minecraft:cherry_log":6,"minecraft:carrot":3,"minecraft:hay_block":1,"gamma_beasts:coal_nugget":6,"minecraft:coal":17,"minecraft:cobblestone":40},"minecraft:dropped":{"minecraft:cooked_beef":3},"minecraft:used":{"minecraft:stone_sword":50,"minecraft:armor_stand":2,"minecraft:stone_pickaxe":50,"minecraft:baked_potato":1,"minecraft:wooden_pickaxe":10,"gamma_beasts:green_apple":3,"minecraft:torch":1,"minecraft:dirt":2,"minecraft:crafting_table":3,"minecraft:carrot":3,"minecraft:bread":1,"minecraft:golden_leggings":1,"minecraft:stone_axe":12,"minecraft:furnace":2,"minecraft:cooked_beef":5},"minecraft:custom":{"minecraft:interact_with_furnace":7,"lootr:looted_stat":6,"minecraft:mob_kills":6,"minecraft:animals_bred":1,"minecraft:traded_with_villager":4,"minecraft:interact_with_crafting_table":9,"minecraft:leave_game":3,"minecraft:time_since_death":107742,"minecraft:sleep_in_bed":5,"minecraft:climb_one_cm":3943,"minecraft:time_since_rest":5065,"minecraft:waystone_activated":1,"minecraft:sprint_one_cm":160278,"minecraft:damage_taken":350,"minecraft:walk_one_cm":91347,"minecraft:drop":3,"minecraft:damage_dealt":1519,"minecraft:swim_one_cm":3085,"minecraft:talked_to_villager":3,"minecraft:fly_one_cm":89832,"minecraft:crouch_one_cm":4685,"minecraft:play_time":107742,"minecraft:sneak_time":2865,"minecraft:walk_under_water_one_cm":157,"minecraft:jump":487,"minecraft:walk_on_water_one_cm":749,"minecraft:total_world_time":107742,"minecraft:fall_one_cm":13414},"minecraft:mined":{"minecraft:cherry_log":6,"gamma_beasts:roblo_hoja":1,"minecraft:oak_fence":1,"minecraft:crafting_table":2,"minecraft:tall_grass":3,"minecraft:hay_block":1,"minecraft:furnace":1,"minecraft:carrots":3,"minecraft:grass":9,"minecraft:coal_ore":17,"minecraft:potatoes":1,"minecraft:oak_log":9,"minecraft:dirt":3,"minecraft:cobweb":4,"minecraft:stone":40}},"DataVersion":3465}