{"stats":{"minecraft:killed":{"minecraft:witch":2,"born_in_chaos_v1:corpse_fish":1,"minecraft:zombie_villager":2,"minecraft:salmon":17,"born_in_chaos_v1:glutton_fish":1,"gamma_beasts:careyatros_a":11,"minecraft:sheep":1,"gamma_beasts:careyatros_c":10,"minecraft:cow":3},"minecraft:dropped":{"minecraft:iron_sword":1,"minecraft:diamond":1,"minecraft:cobblestone":1,"minecraft:jungle_planks":1,"minecraft:pufferfish":2,"minecraft:dark_oak_planks":3,"gamma_beasts:lemon":6,"minecraft:flower_pot":1,"minecraft:jungle_stairs":2,"minecraft:oak_sapling":11,"minecraft:wooden_pickaxe":1,"minecraft:egg":1},"minecraft:broken":{"minecraft:stone_sword":6,"minecraft:stone_axe":1},"minecraft:custom":{"lootr:looted_stat":8,"minecraft:mob_kills":50,"minecraft:interact_with_crafting_table":31,"minecraft:open_barrel":10,"minecraft:leave_game":3,"minecraft:time_since_death":142574,"minecraft:climb_one_cm":8280,"minecraft:sprint_one_cm":319822,"minecraft:walk_one_cm":269379,"minecraft:drop":16,"minecraft:talked_to_villager":3,"minecraft:play_time":186403,"minecraft:deaths":1,"minecraft:sneak_time":34640,"minecraft:walk_under_water_one_cm":41007,"minecraft:boat_one_cm":106683,"minecraft:jump":1917,"minecraft:walk_on_water_one_cm":25296,"minecraft:total_world_time":186403,"minecraft:interact_with_furnace":17,"minecraft:sleep_in_bed":3,"minecraft:time_since_rest":5036,"minecraft:damage_taken":2115,"minecraft:damage_dealt":24324,"minecraft:swim_one_cm":64285,"minecraft:fly_one_cm":352266,"minecraft:open_chest":30,"minecraft:crouch_one_cm":69724,"minecraft:fall_one_cm":48831},"minecraft:killed_by":{"gamma_beasts:careyatros_a":1},"minecraft:used":{"minecraft:moss_carpet":1,"minecraft:stone_sword":951,"minecraft:spruce_slab":150,"minecraft:iron_sword":18,"minecraft:cooked_salmon":13,"minecraft:torch":5,"minecraft:dirt":38,"minecraft:jungle_slab":166,"minecraft:dark_oak_planks":1,"gamma_beasts:pear":14,"minecraft:furnace":4,"minecraft:cooked_mutton":2,"minecraft:birch_planks":8,"minecraft:stone_pickaxe":130,"minecraft:wooden_pickaxe":49,"minecraft:white_wool":1,"minecraft:golden_apple":1,"minecraft:oak_slab":66,"minecraft:crafting_table":14,"gamma_beasts:cooked_meat":4,"minecraft:white_bed":5,"minecraft:apple":1,"minecraft:stone_axe":234,"minecraft:cobblestone":19,"minecraft:oak_boat":2,"gamma_beasts:lemon":4,"minecraft:bone_meal":1},"minecraft:crafted":{"minecraft:oak_planks":80,"minecraft:furnace":1,"minecraft:spruce_pressure_plate":2,"minecraft:cooked_mutton":2,"sophisticatedbackpacks:copper_backpack":1,"minecraft:leather":32,"minecraft:spruce_slab":132,"minecraft:stone_pickaxe":4,"sophisticatedbackpacks:iron_backpack":1,"minecraft:oak_slab":72,"sophisticatedbackpacks:backpack":1,"minecraft:crafting_table":5,"minecraft:spruce_planks":72,"minecraft:wooden_pickaxe":2,"minecraft:cooked_salmon":11,"minecraft:copper_ingot":15,"minecraft:birch_planks":10,"minecraft:stone_axe":3,"minecraft:jungle_slab":186,"minecraft:air":0,"minecraft:jungle_planks":112,"minecraft:oak_boat":1,"minecraft:stick":28,"minecraft:stone_sword":8,"minecraft:white_bed":1,"minecraft:torch":12},"minecraft:picked_up":{"minecraft:crafting_table":9,"minecraft:flower_pot":2,"minecraft:ladder":1,"gamma_beasts:fur":65,"minecraft:brown_mushroom":1,"minecraft:wooden_pickaxe":1,"gamma_beasts:cooked_meat":25,"gamma_beasts:birch_leaf":11,"minecraft:string":4,"minecraft:jungle_trapdoor":2,"minecraft:moss_carpet":6,"minecraft:raw_copper":25,"minecraft:cooked_salmon":2,"minecraft:pufferfish":4,"minecraft:spruce_planks":13,"minecraft:beef":5,"minecraft:oak_boat":2,"minecraft:jungle_sapling":11,"minecraft:spruce_slab":21,"minecraft:chest":1,"minecraft:furnace":4,"gamma_beasts:lemon":10,"minecraft:egg":2,"minecraft:stick":12,"minecraft:raw_iron":8,"minecraft:torch":2,"minecraft:spruce_stairs":3,"minecraft:spruce_fence":2,"minecraft:redstone":2,"taxov:block_captain":1,"minecraft:dark_oak_planks":12,"minecraft:rotten_flesh":2,"minecraft:jungle_stairs":8,"born_in_chaos_v1:sea_terror_eye":2,"gamma_beasts:coal_nugget":8,"minecraft:mutton":2,"minecraft:skeleton_skull":1,"minecraft:white_wool":4,"minecraft:cobblestone":69,"gamma_beasts:pear":24,"minecraft:salmon":15,"minecraft:jungle_log":90,"minecraft:leather":3,"minecraft:birch_planks":7,"gamma_beasts:thin_birch_log":5,"minecraft:oak_log":20,"minecraft:wither_skeleton_skull":1,"minecraft:dirt":49,"minecraft:apple":1,"gamma_beasts:meat":25,"minecraft:bell":1,"minecraft:dark_oak_sign":1,"minecraft:glass_bottle":2,"minecraft:moss_block":1,"minecraft:iron_sword":1,"minecraft:dark_oak_stairs":2,"minecraft:oak_slab":10,"minecraft:jungle_planks":22,"minecraft:spruce_sapling":5,"minecraft:white_bed":5,"minecraft:spruce_log":18,"minecraft:jungle_slab":4,"minecraft:dark_oak_log":1,"minecraft:spider_eye":1,"taxov:block_sailor":1,"minecraft:sugar":1,"minecraft:diamond":1,"minecraft:bone_meal":1,"minecraft:emerald":2,"minecraft:oak_sapling":13,"born_in_chaos_v1:rotten_fish":13,"minecraft:coal":38,"born_in_chaos_v1:sea_terror_stomach":1},"minecraft:mined":{"minecraft:dark_oak_planks":16,"minecraft:spruce_planks":14,"minecraft:white_bed":5,"gamma_beasts:jungla_hoja_1":11,"taxov:block_captain":1,"minecraft:jungle_slab":4,"minecraft:jungle_leaves":1,"minecraft:dark_oak_log":2,"minecraft:jack_o_lantern":1,"gravestone:gravestone":1,"minecraft:grass_block":19,"minecraft:spruce_fence":3,"minecraft:jungle_planks":5,"minecraft:jungle_log":2,"minecraft:spruce_leaves":4,"minecraft:moss_block":1,"minecraft:tall_seagrass":1,"minecraft:furnace":4,"minecraft:iron_ore":8,"minecraft:stripped_spruce_log":1,"minecraft:moss_carpet":2,"treechop:chopped_log":8,"minecraft:dark_oak_stairs":7,"minecraft:bell":1,"minecraft:vine":3,"minecraft:stone":77,"minecraft:white_wool":3,"minecraft:spruce_slab":21,"minecraft:jungle_trapdoor":2,"minecraft:podzol":1,"minecraft:oak_slab":9,"minecraft:potted_brown_mushroom":1,"gamma_beasts:jungla_hoja":6,"gamma_beasts:abedul_hoja_1":5,"minecraft:crafting_table":9,"minecraft:torch":2,"taxov:block_sailor":1,"minecraft:jungle_stairs":8,"minecraft:chest":1,"minecraft:copper_ore":6,"minecraft:skeleton_skull":1,"minecraft:spruce_stairs":5,"gamma_beasts:abedul_hojas":7,"minecraft:birch_planks":8,"minecraft:spruce_log":2,"minecraft:birch_leaves":2,"minecraft:grass":2,"minecraft:coal_ore":21,"minecraft:dirt":33,"minecraft:cobweb":4,"minecraft:wither_skeleton_skull":1,"minecraft:oak_leaves":5}},"DataVersion":3465}